{
	"componentChunkName": "component---src-components-page-page-template-tsx",
	"path": "/integrations/google-cloud/",
	"result": {
		"data": {
			"page": {
				"pageName": "Integrations - Google Cloud Platform",
				"localeList": {
					"enUS": "English for Locale",
					"zhCN": "Translated for Locale",
					"zhTW": "Translated for Locale",
					"frFR": "Translated for Locale",
					"deDE": "Translated for Locale",
					"itIT": "Translated for Locale",
					"jaJP": "Translated for Locale",
					"koKR": "Translated for Locale",
					"ptBR": "Translated for Locale",
					"esES": "Translated for Locale",
					"esLA": "Translated for Locale",
					"enAU": "English for Locale",
					"enCA": "English for Locale",
					"enIN": "English for Locale",
					"enGB": "English for Locale",
					"nlNL": "English for Locale",
					"idID": "English for Locale",
					"thTH": "English for Locale",
					"ruRU": "English for Locale",
					"svSE": "English for Locale",
					"viVN": "English for Locale",
					"trTR": "English for Locale",
					"zhHansCN": "Translated for Locale",
					"plPL": "English for Locale",
					"arAR": "No Page for Locale"
				},
				"relativePath": "integrations/google-cloud",
				"topNavOptions": "default",
				"topNavButtonText": null,
				"topNavButtonUrl": null,
				"footerOptions": "default",
				"metaTags": {
					"metaTitle": "Cloudflare + Google Cloud Platform | Cloud Services",
					"metaDescription": "The flexibility of Google Cloud Platform cloud services coupled with the power and protection of Cloudflare is just a button-click away.",
					"twitterCustomImage": null,
					"metaImage": {
						"file": {
							"publicURL": "https://cf-assets.www.cloudflare.com/slt3lc6tev37/53qCYhQbir5WtIU0VDWESo/954a48bfb17f429acf469e5f14345d83/unnamed-3.png"
						},
						"description": "DO NOT REMOVE, THIS IS CLOUDFLARE'S GLOBAL OG META ASSET"
					},
					"facebookCustomImage": null,
					"author": []
				},
				"sys": {
					"createdAt": "2018-11-29T08:51:35.176Z",
					"updatedAt": "2024-09-05T12:04:01.298Z"
				},
				"contentfulId": "2tn9cEWIle4MSC2I8GyyWW",
				"contentTypeId": "page",
				"promotionalBanner": null,
				"psaBanner": null,
				"customTopNav": null,
				"headerLogo": null,
				"proactivePopup": null,
				"template": null,
				"relatedBlades": [
					{
						"contentTypeId": "bladeSignUpForm",
						"contentfulId": "698fU3WVuoQM22YYYgac2o",
						"bladeName": "Google Cloud Platform - Form Blade",
						"formType": "formRight",
						"formTitle": null,
						"buttonText": "CONTACT US",
						"buttonColor": "orange",
						"htmlId": null,
						"marketoEmbeddedForm": {
							"contentTypeId": "marketoEmbeddedForm",
							"contentfulId": "7EFM7B41t6EOkNvdIabtD6",
							"bladeName": "Web Form - Partners - Google Cloud - Marketo Form",
							"backgroundColor": "white",
							"marketoFormId": 1341,
							"marketoFormLeadSource": "Partner - Integration",
							"marketoFormLeadSourceDetail": "Web Form - Partners - Google Cloud",
							"marketoFormHeaderText": null,
							"marketoFormDefaultComment": null,
							"showCommentBox": false,
							"marketoFormThankYouText": null,
							"marketoFormCustomSuccessMessage": null,
							"marketoFormPdfDownload": null,
							"marketoFormPdfDownloadI18n": [],
							"marketoFormAssetDownloadButtonText": null,
							"marketoFormSuccessRedirectUrl": null,
							"sendAdRoll": null,
							"meta_adRollCustomSegment": null,
							"enableSandbox": null,
							"marketoFormSubmitButtonText": "Submit",
							"marketoFormSubmitButtonColor": "orange",
							"enableEmailVerification": null,
							"disableEnterpriseEmailNotification": null,
							"enableRingout": null
						},
						"title": "Cloudflare + Google Cloud Platform",
						"subtitle": "Improve the security and performance of Google Cloud Platform hosted Internet applications & APIs",
						"copy": "![cloudflare-google-cloud](//cf-assets.www.cloudflare.com/slt3lc6tev37/4O9282QjKUisMGQuesEEEU/353d96fb56d78cbd070f770a7b953925/cloudflare-google.png)\n\nCloudflare offers a comprehensive set of security and performance services, protecting Google Cloud-hosted Internet properties from: DDoS Attack, Customer Data Breach, and Malicious Bot Abuse, while accelerating web and mobile performance and ensuring availability.",
						"iconList": [],
						"iconTitleList": null,
						"iconCopyList": null,
						"streamVideoId": null,
						"streamThumbnails": null,
						"streamOptions": null,
						"rightSideCopy": null,
						"rightSideCopyPosition": null,
						"backgroundColor": "white",
						"bladeBorder": "none",
						"textColor": "black",
						"extraClass": null,
						"sectionPadding": null,
						"customPrivacyPolicy": null,
						"customPrivacyPolicyText": null,
						"featureList": null
					},
					{
						"contentTypeId": "bladeQuote",
						"contentfulId": "zOM8Mxwi5PgjVOjOzVuIX",
						"quote": "\"Knowing that we don't have to worry about DDoS attacks against our API and gateway servers gives us the peace of mind to focus on improving our product.\"",
						"quoteAuthor": "Stanislav Vishnevskiy",
						"quoteTitle": "CTO at Discord",
						"learnMoreText": null,
						"sectionPadding": null,
						"backgroundColor": "light-blue",
						"bladeBorder": "none",
						"learnMoreUrl": null,
						"htmlId": null,
						"image": {
							"file": {
								"publicURL": "https://cf-assets.www.cloudflare.com/slt3lc6tev37/63zzut2O5y6U4wk8msyMKM/4d501f4b848e5ed36137d983a2f0ec2c/logo-discord-color.png"
							},
							"description": "Discord logo"
						},
						"imageAssetFile": null,
						"imageLinkUrl": null,
						"logoList": [],
						"logoListAssetFile": [],
						"quoteCarousel": []
					},
					{
						"contentfulId": "73Y5wVrDLIOP8AKtMVIh4U",
						"backgroundColor": "white",
						"contentTypeId": "bladeFourFeatures",
						"htmlId": null,
						"copy": null,
						"title": "Key Results",
						"subtitle": null,
						"bladeStyle": null,
						"bladeBorder": "none",
						"sectionPadding": null,
						"carouselSlidesToShow": null,
						"carouselSlidesToScroll": null,
						"locale": "en-US",
						"features": [
							{
								"contentTypeId": "feature",
								"contentfulId": "3LJ4HaIPnHDAxC5OV4YE5U",
								"title": "$100,000",
								"makeTitleLink": null,
								"titleUrl": null,
								"titleSize": null,
								"description": "savings on annual hardware costs",
								"learnMoreUrl": null,
								"learnMoreText": null,
								"displayBorder": false,
								"openLinkInNewTab": null,
								"removeCardBorder": null,
								"icon": null,
								"iconAssetFile": null,
								"imageOverlaySuperheader": null,
								"imageOverlayText": null,
								"imageAssetFile": null,
								"streamId": null,
								"streamThumbnail": null,
								"streamThumbnailAssetFile": null
							},
							{
								"contentTypeId": "feature",
								"contentfulId": "6BOuwyvFs1Nlh5pU6zTmzU",
								"title": "$100,000",
								"makeTitleLink": null,
								"titleUrl": null,
								"titleSize": null,
								"description": "savings on Google Cloud Network Egress billing",
								"learnMoreUrl": null,
								"learnMoreText": null,
								"displayBorder": false,
								"openLinkInNewTab": null,
								"removeCardBorder": null,
								"icon": null,
								"iconAssetFile": null,
								"imageOverlaySuperheader": null,
								"imageOverlayText": null,
								"imageAssetFile": null,
								"streamId": null,
								"streamThumbnail": null,
								"streamThumbnailAssetFile": null
							},
							{
								"contentTypeId": "feature",
								"contentfulId": "5NFxn1X1wfLOfDEXTuYxz2",
								"title": "2 million / second",
								"makeTitleLink": null,
								"titleUrl": null,
								"titleSize": null,
								"description": "spikes of websockets events while remaining fast",
								"learnMoreUrl": null,
								"learnMoreText": null,
								"displayBorder": false,
								"openLinkInNewTab": null,
								"removeCardBorder": null,
								"icon": null,
								"iconAssetFile": null,
								"imageOverlaySuperheader": null,
								"imageOverlayText": null,
								"imageAssetFile": null,
								"streamId": null,
								"streamThumbnail": null,
								"streamThumbnailAssetFile": null
							}
						]
					},
					{
						"contentfulId": "ownAEXU37ikiYIyeIyi8C",
						"title": "Seamless Integration with Cloud Security Command Center",
						"copy": "Google Cloud's Cloud Security Command Center (CSCC) is the canonical security and data risk database for Google Cloud Platform.\n\nCSCC Unifies: Assets, resources, policies, IAM policies, findings, security and risk specific annotations all in one place, enabling security and data risk insights, management and recommendations.\n\nCloudflare is one of the first security providers incorporated into CSCC. Though the CSCC dashboard, insights into top threats, threat types, and firewall events from Cloudflare are displayed alongside other security application metrics, for a holistic view into web application security posture.\n\nGoogle Cloud Security Command Center integration is available for Cloudflare customers with the <a href=\"https://www.cloudflare.com/plans/enterprise/\" target=\"_blank\">Enterprise plan</a>.  Before enabling Cloudflare with CSCC, you'll need to [request access](https://cloud.google.com/security-command-center/).",
						"toggleText": null,
						"button": [],
						"learnMoreUrl": null,
						"learnMoreText": null,
						"link": [],
						"subheadline": null,
						"button1Text": null,
						"button1Url": null,
						"button1Color": null,
						"button2Text": null,
						"button2Url": null,
						"button2Color": null,
						"streamOptions": null,
						"streamCaptions": null,
						"streamVideoId": null,
						"streamThumbnails": null,
						"streamPoster": null,
						"streamPosterAssetFile": null,
						"image": {
							"file": {
								"publicURL": "https://cf-assets.www.cloudflare.com/slt3lc6tev37/5NgUYllpNSa4IUCYioQEem/b14306efff44d7b557b9f327a8745704/google-cloud-security-command-center.png"
							},
							"description": "Screenshot of Cloudflare incorporated into Google Cloud's Security Command Center"
						},
						"imageAssetFile": null,
						"featureList": [],
						"contentTypeId": "bladeImageText",
						"sectionTitle": null,
						"htmlId": null,
						"titleSize": null,
						"sectionPadding": null,
						"backgroundColor": "white",
						"bladeBorder": "border-bottom",
						"imagePosition": false,
						"imageSize": "large",
						"imageTextAlignment": null,
						"togglesTo": []
					},
					{
						"contentTypeId": "networkMap",
						"contentfulId": "2s7DRAg7w5vMbUIXdtCMYs",
						"bladeName": "Google Cloud CDN",
						"title": "Google Cloud CDN Interconnect Program",
						"copy": "Cloudflare customers with Internet properties hosted in Google Cloud Platform automatically have this program enabled. Google Cloud-hosted websites benefit from reductions in bandwidth, up to 75% savings on egress pricing, and faster connections between Cloudflare and Google Cloud origin servers.\n\nAdditional performance services include Argo Smart Routing, load balancing with geo-steering, and website optimizations, which improve web and mobile experiences and ensure website and application availability.",
						"bladeLayout": "Stats-bottom and Map with Pops",
						"backgroundColor": "blue5",
						"htmlId": null,
						"sectionPadding": "default",
						"bladeBorder": "border-bottom",
						"statsFeatures": [],
						"dataSource": {
							"type": "Cloudflare PoP",
							"name": "Cloudflare POPs",
							"contentfulId": "2O04nulSdNrRpJR9fs9OKv",
							"contentTypeId": "dataCollection",
							"items": [
								{
									"cityName": "Honolulu, US*",
									"region": "North America"
								},
								{
									"cityName": "Bogota, CO",
									"region": "Latin America & the Caribbean"
								},
								{
									"cityName": "Auckland, NZ*",
									"region": "Oceania"
								},
								{
									"cityName": "Amman, JO*",
									"region": "Middle East"
								},
								{
									"cityName": "Amsterdam, NL*",
									"region": "Europe"
								},
								{
									"cityName": "Dar Es Salaam, TZ",
									"region": "Africa"
								},
								{
									"cityName": "Bangkok, TH*",
									"region": "Asia"
								},
								{
									"cityName": "Jinan, CN",
									"region": "Mainland China"
								},
								{
									"cityName": "San José, CR*",
									"region": "Latin America & the Caribbean"
								},
								{
									"cityName": "Salvador, BR",
									"region": "Latin America & the Caribbean"
								},
								{
									"cityName": "Campinas, BR",
									"region": "Latin America & the Caribbean"
								},
								{
									"cityName": "Nairobi, KE*",
									"region": "Africa"
								},
								{
									"cityName": "Jashore, BD",
									"region": "Asia"
								},
								{
									"cityName": "Yangon, MM",
									"region": "Asia"
								},
								{
									"cityName": "Tbilisi, GE",
									"region": "Asia"
								},
								{
									"cityName": "Johor Bahru, MY",
									"region": "Asia"
								},
								{
									"cityName": "Tegucigalpa, HN",
									"region": "Latin America & the Caribbean"
								},
								{
									"cityName": "Vientiane, LA",
									"region": "Asia"
								},
								{
									"cityName": "Paramaribo, SR",
									"region": "Latin America & the Caribbean"
								},
								{
									"cityName": "Bandar Seri Begawan, BN",
									"region": "Asia"
								},
								{
									"cityName": "Dhaka, BD",
									"region": "Asia"
								},
								{
									"cityName": "Adelaide, AU*",
									"region": "Oceania"
								},
								{
									"cityName": "St. George's, GD*",
									"region": "Latin America & the Caribbean"
								},
								{
									"cityName": "Thimphu, BT",
									"region": "Asia"
								},
								{
									"cityName": "Chittagong, BD",
									"region": "Asia"
								},
								{
									"cityName": "Antananarivo, MG",
									"region": "Africa"
								},
								{
									"cityName": "Dakar, SN",
									"region": "Africa"
								},
								{
									"cityName": "Cordoba, AR",
									"region": "Latin America & the Caribbean"
								},
								{
									"cityName": "Arica, CL*",
									"region": "Latin America & the Caribbean"
								},
								{
									"cityName": "Neuquen, AR",
									"region": "Latin America & the Caribbean"
								},
								{
									"cityName": "Jakarta, ID*",
									"region": "Asia"
								},
								{
									"cityName": "Male, MV",
									"region": "Asia"
								},
								{
									"cityName": "Kolkata, IN",
									"region": "Asia"
								},
								{
									"cityName": "Cork, IE*",
									"region": "Europe"
								},
								{
									"cityName": "Nagpur, IN",
									"region": "Asia"
								},
								{
									"cityName": "Bengaluru, IN*",
									"region": "Asia"
								},
								{
									"cityName": "Guatemala City, GT",
									"region": "Latin America & the Caribbean"
								},
								{
									"cityName": "Nouméa, NC",
									"region": "Oceania"
								},
								{
									"cityName": "Asuncion, PY",
									"region": "Latin America & the Caribbean"
								},
								{
									"cityName": "Kigali, RW",
									"region": "Africa"
								},
								{
									"cityName": "Maputo, MZ",
									"region": "Africa"
								},
								{
									"cityName": "Thessaloniki, GR*",
									"region": "Europe"
								},
								{
									"cityName": "Nicosia, CY",
									"region": "Europe"
								},
								{
									"cityName": "Gothenburg, SE*",
									"region": "Europe"
								},
								{
									"cityName": "Buffalo, US*",
									"region": "North America"
								},
								{
									"cityName": "Baku, AZ",
									"region": "Asia"
								},
								{
									"cityName": "Geneva, CH*",
									"region": "Europe"
								},
								{
									"cityName": "Hyderabad, IN*",
									"region": "Asia"
								},
								{
									"cityName": "Casablanca, MA",
									"region": "Africa"
								},
								{
									"cityName": "Ramallah",
									"region": "Middle East"
								},
								{
									"cityName": "Queretaro, MX*",
									"region": "Latin America & the Caribbean"
								},
								{
									"cityName": "Ottawa, CA*",
									"region": "North America"
								},
								{
									"cityName": "Porto Alegre, BR*",
									"region": "Latin America & the Caribbean"
								},
								{
									"cityName": "Curitiba, BR*",
									"region": "Latin America & the Caribbean"
								},
								{
									"cityName": "Saint-Denis, RE",
									"region": "Africa"
								},
								{
									"cityName": "Fortaleza, BR*",
									"region": "Latin America & the Caribbean"
								},
								{
									"cityName": "Valparaíso, CL",
									"region": "Latin America & the Caribbean"
								},
								{
									"cityName": "Medellín, CO",
									"region": "Latin America & the Caribbean"
								},
								{
									"cityName": "Lima, PE*",
									"region": "Latin America & the Caribbean"
								},
								{
									"cityName": "Buenos Aires, AR*",
									"region": "Latin America & the Caribbean"
								},
								{
									"cityName": "Quito, EC*",
									"region": "Latin America & the Caribbean"
								},
								{
									"cityName": "Panama City, PA",
									"region": "Latin America & the Caribbean"
								},
								{
									"cityName": "São Paulo, BR*",
									"region": "Latin America & the Caribbean"
								},
								{
									"cityName": "Rio de Janeiro, BR*",
									"region": "Latin America & the Caribbean"
								},
								{
									"cityName": "Willemstad, CW",
									"region": "Latin America & the Caribbean"
								},
								{
									"cityName": "Lahore, PK",
									"region": "Asia"
								},
								{
									"cityName": "Karachi, PK*",
									"region": "Asia"
								},
								{
									"cityName": "Islamabad, PK",
									"region": "Asia"
								},
								{
									"cityName": "Ho Chi Minh City, VN*",
									"region": "Asia"
								},
								{
									"cityName": "Hanoi, VN*",
									"region": "Asia"
								},
								{
									"cityName": "St. Petersburg, RU",
									"region": "Europe"
								},
								{
									"cityName": "Manama, BH",
									"region": "Middle East"
								},
								{
									"cityName": "Columbus, US*",
									"region": "North America"
								},
								{
									"cityName": "Charlotte, US*",
									"region": "North America"
								},
								{
									"cityName": "Lagos, NG*",
									"region": "Africa"
								},
								{
									"cityName": "Ulaanbaatar, MN",
									"region": "Asia"
								},
								{
									"cityName": "Richmond, US*",
									"region": "North America"
								},
								{
									"cityName": "Norfolk, US*",
									"region": "North America"
								},
								{
									"cityName": "Luxembourg City, LU*",
									"region": "Europe"
								},
								{
									"cityName": "Winnipeg, CA*",
									"region": "North America"
								},
								{
									"cityName": "Saskatoon, CA*",
									"region": "North America"
								},
								{
									"cityName": "Houston, US*",
									"region": "North America"
								},
								{
									"cityName": "Tallahassee, US*",
									"region": "North America"
								},
								{
									"cityName": "Mexico City, MX*",
									"region": "Latin America & the Caribbean"
								},
								{
									"cityName": "Montgomery, US*",
									"region": "North America"
								},
								{
									"cityName": "Memphis, US*",
									"region": "North America"
								},
								{
									"cityName": "Jacksonville, US*",
									"region": "North America"
								},
								{
									"cityName": "Indianapolis, US*",
									"region": "North America"
								},
								{
									"cityName": "Calgary, CA*",
									"region": "North America"
								},
								{
									"cityName": "Tallinn, EE*",
									"region": "Europe"
								},
								{
									"cityName": "Riga, LV*",
									"region": "Europe"
								},
								{
									"cityName": "Beirut, LB",
									"region": "Middle East"
								},
								{
									"cityName": "Tel Aviv, IL*",
									"region": "Middle East"
								},
								{
									"cityName": "Vilnius, LT*",
									"region": "Europe"
								},
								{
									"cityName": "Baghdad, IQ*",
									"region": "Middle East"
								},
								{
									"cityName": "Reykjavík, IS*",
									"region": "Europe"
								},
								{
									"cityName": "Phnom Penh, KH",
									"region": "Asia"
								},
								{
									"cityName": "Salt Lake City, US*",
									"region": "North America"
								},
								{
									"cityName": "Kathmandu, NP*",
									"region": "Asia"
								},
								{
									"cityName": "Cebu, PH",
									"region": "Asia"
								},
								{
									"cityName": "Macau",
									"region": "Asia"
								},
								{
									"cityName": "Port Louis, MU",
									"region": "Africa"
								},
								{
									"cityName": "Sacramento, US*",
									"region": "North America"
								},
								{
									"cityName": "Pittsburgh, US*",
									"region": "North America"
								},
								{
									"cityName": "Durban, ZA*",
									"region": "Africa"
								},
								{
									"cityName": "McAllen, US*",
									"region": "North America"
								},
								{
									"cityName": "Kyiv, UA",
									"region": "Europe"
								},
								{
									"cityName": "Riyadh, SA",
									"region": "Middle East"
								},
								{
									"cityName": "Stockholm, SE*",
									"region": "Europe"
								},
								{
									"cityName": "Kansas City, US*",
									"region": "North America"
								},
								{
									"cityName": "Zagreb, HR*",
									"region": "Europe"
								},
								{
									"cityName": "Djibouti, DJ",
									"region": "Africa"
								},
								{
									"cityName": "Omaha, US*",
									"region": "North America"
								},
								{
									"cityName": "Belgrade, RS*",
									"region": "Europe"
								},
								{
									"cityName": "Portland, US*",
									"region": "North America"
								},
								{
									"cityName": "Istanbul, TR*",
									"region": "Europe"
								},
								{
									"cityName": "Yerevan, AM",
									"region": "Asia"
								},
								{
									"cityName": "Detroit, US*",
									"region": "North America"
								},
								{
									"cityName": "Nashville, US*",
									"region": "North America"
								},
								{
									"cityName": "Vienna, AT*",
									"region": "Europe"
								},
								{
									"cityName": "Cape Town, ZA*",
									"region": "Africa"
								},
								{
									"cityName": "Colombo, LK*",
									"region": "Asia"
								},
								{
									"cityName": "San Diego, US*",
									"region": "North America"
								},
								{
									"cityName": "Lisbon, PT*",
									"region": "Europe"
								},
								{
									"cityName": "Boston, US*",
									"region": "North America"
								},
								{
									"cityName": "Tampa, US*",
									"region": "North America"
								},
								{
									"cityName": "Philadelphia, US*",
									"region": "North America"
								},
								{
									"cityName": "Munich, DE*",
									"region": "Europe"
								},
								{
									"cityName": "Denver, US*",
									"region": "North America"
								},
								{
									"cityName": "Moscow, RU",
									"region": "Europe"
								},
								{
									"cityName": "Luanda, AO",
									"region": "Africa"
								},
								{
									"cityName": "St. Louis, US*",
									"region": "North America"
								},
								{
									"cityName": "Barcelona, ES*",
									"region": "Europe"
								},
								{
									"cityName": "Athens, GR*",
									"region": "Europe"
								},
								{
									"cityName": "Brisbane, AU*",
									"region": "Oceania"
								},
								{
									"cityName": "Oslo, NO*",
									"region": "Europe"
								},
								{
									"cityName": "Las Vegas, US*",
									"region": "North America"
								},
								{
									"cityName": "Taipei*",
									"region": "Asia"
								},
								{
									"cityName": "Helsinki, FI*",
									"region": "Europe"
								},
								{
									"cityName": "Brussels, BE*",
									"region": "Europe"
								},
								{
									"cityName": "Edinburgh, GB*",
									"region": "Europe"
								},
								{
									"cityName": "Hamburg, DE*",
									"region": "Europe"
								},
								{
									"cityName": "Sofia, BG*",
									"region": "Europe"
								},
								{
									"cityName": "Warsaw, PL*",
									"region": "Europe"
								},
								{
									"cityName": "Minneapolis, US*",
									"region": "North America"
								},
								{
									"cityName": "Frankfurt, DE*",
									"region": "Europe"
								},
								{
									"cityName": "Montréal, CA*",
									"region": "North America"
								},
								{
									"cityName": "Vancouver, CA*",
									"region": "North America"
								},
								{
									"cityName": "Manila, PH",
									"region": "Asia"
								},
								{
									"cityName": "Berlin, DE*",
									"region": "Europe"
								},
								{
									"cityName": "Phoenix, US*",
									"region": "North America"
								},
								{
									"cityName": "Copenhagen, DK*",
									"region": "Europe"
								},
								{
									"cityName": "Zürich, CH*",
									"region": "Europe"
								},
								{
									"cityName": "Manchester, GB*",
									"region": "Europe"
								},
								{
									"cityName": "Mombasa, KE",
									"region": "Africa"
								},
								{
									"cityName": "Dubai, AE",
									"region": "Middle East"
								},
								{
									"cityName": "Chennai, IN*",
									"region": "Asia"
								},
								{
									"cityName": "New Delhi, IN*",
									"region": "Asia"
								},
								{
									"cityName": "Mumbai, IN*",
									"region": "Asia"
								},
								{
									"cityName": "Kuala Lumpur, MY*",
									"region": "Asia"
								},
								{
									"cityName": "Muscat, OM",
									"region": "Middle East"
								},
								{
									"cityName": "Doha, QA",
									"region": "Middle East"
								},
								{
									"cityName": "Kuwait City, KW",
									"region": "Middle East"
								},
								{
									"cityName": "Dublin, IE*",
									"region": "Europe"
								},
								{
									"cityName": "Osaka, JP*",
									"region": "Asia"
								},
								{
									"cityName": "Bucharest, RO*",
									"region": "Europe"
								},
								{
									"cityName": "Marseille, FR*",
									"region": "Europe"
								},
								{
									"cityName": "Düsseldorf, DE*",
									"region": "Europe"
								},
								{
									"cityName": "Melbourne, AU*",
									"region": "Oceania"
								},
								{
									"cityName": "Johannesburg, ZA*",
									"region": "Africa"
								},
								{
									"cityName": "Madrid, ES*",
									"region": "Europe"
								},
								{
									"cityName": "Milan, IT*",
									"region": "Europe"
								},
								{
									"cityName": "Singapore, SG*",
									"region": "Asia"
								},
								{
									"cityName": "Seoul, KR*",
									"region": "Asia"
								},
								{
									"cityName": "Prague, CZ*",
									"region": "Europe"
								},
								{
									"cityName": "Toronto, CA*",
									"region": "North America"
								},
								{
									"cityName": "Seattle, US*",
									"region": "North America"
								},
								{
									"cityName": "Atlanta, US*",
									"region": "North America"
								},
								{
									"cityName": "Sydney, AU*",
									"region": "Oceania"
								},
								{
									"cityName": "Hong Kong*",
									"region": "Asia"
								},
								{
									"cityName": "Tokyo, JP*",
									"region": "Asia"
								},
								{
									"cityName": "London, GB*",
									"region": "Europe"
								},
								{
									"cityName": "Paris, FR*",
									"region": "Europe"
								},
								{
									"cityName": "Miami, US*",
									"region": "North America"
								},
								{
									"cityName": "Ashburn, US*",
									"region": "North America"
								},
								{
									"cityName": "Dallas, US*",
									"region": "North America"
								},
								{
									"cityName": "Chicago, US*",
									"region": "North America"
								},
								{
									"cityName": "Los Angeles, US*",
									"region": "North America"
								},
								{
									"cityName": "Newark, US*",
									"region": "North America"
								},
								{
									"cityName": "Algiers, DZ*",
									"region": "Africa"
								},
								{
									"cityName": "Surat Thani, TH*",
									"region": "Asia"
								},
								{
									"cityName": "Guam, GU",
									"region": "Oceania"
								},
								{
									"cityName": "Dammam, SA",
									"region": "Middle East"
								},
								{
									"cityName": "Beijing, CN",
									"region": "Mainland China"
								},
								{
									"cityName": "Changde, CN",
									"region": "Mainland China"
								},
								{
									"cityName": "Changzhou, CN",
									"region": "Mainland China"
								},
								{
									"cityName": "Chengmai, CN",
									"region": "Mainland China"
								},
								{
									"cityName": "Dalian, CN",
									"region": "Mainland China"
								},
								{
									"cityName": "Foshan, CN",
									"region": "Mainland China"
								},
								{
									"cityName": "Fuzhou, CN",
									"region": "Mainland China"
								},
								{
									"cityName": "Guangzhou, CN",
									"region": "Mainland China"
								},
								{
									"cityName": "Guiyang, CN",
									"region": "Mainland China"
								},
								{
									"cityName": "Haikou, CN",
									"region": "Mainland China"
								},
								{
									"cityName": "Huainan, CN",
									"region": "Mainland China"
								},
								{
									"cityName": "Langfang, CN",
									"region": "Mainland China"
								},
								{
									"cityName": "Lanzhou, CN",
									"region": "Mainland China"
								},
								{
									"cityName": "Nanchang, CN",
									"region": "Mainland China"
								},
								{
									"cityName": "Qingdao, CN",
									"region": "Mainland China"
								},
								{
									"cityName": "Shanghai, CN",
									"region": "Mainland China"
								},
								{
									"cityName": "Taizhou, CN",
									"region": "Mainland China"
								},
								{
									"cityName": "Xianyang, CN",
									"region": "Mainland China"
								},
								{
									"cityName": "Zhengzhou, CN",
									"region": "Mainland China"
								},
								{
									"cityName": "San Jose, US*",
									"region": "North America"
								},
								{
									"cityName": "Cagayan, PH",
									"region": "Asia"
								},
								{
									"cityName": "Ekaterinburg, RU",
									"region": "Europe"
								},
								{
									"cityName": "Guayaquil, EC*",
									"region": "Latin America & the Caribbean"
								},
								{
									"cityName": "Caçador, BR*",
									"region": "Latin America & the Caribbean"
								},
								{
									"cityName": "Ribeirão Preto, BR",
									"region": "Latin America & the Caribbean"
								},
								{
									"cityName": "Brasília, BR",
									"region": "Latin America & the Caribbean"
								},
								{
									"cityName": "Florianópolis, BR",
									"region": "Latin America & the Caribbean"
								},
								{
									"cityName": "Sorocaba, BR",
									"region": "Latin America & the Caribbean"
								},
								{
									"cityName": "Itajaí, BR",
									"region": "Latin America & the Caribbean"
								},
								{
									"cityName": "Belém, BR",
									"region": "Latin America & the Caribbean"
								},
								{
									"cityName": "Americana, BR",
									"region": "Latin America & the Caribbean"
								},
								{
									"cityName": "Blumenau, BR",
									"region": "Latin America & the Caribbean"
								},
								{
									"cityName": "Belo Horizonte, BR",
									"region": "Latin America & the Caribbean"
								},
								{
									"cityName": "Harare, ZW",
									"region": "Africa"
								},
								{
									"cityName": "Krasnoyarsk, RU",
									"region": "Europe"
								},
								{
									"cityName": "São José do Rio Preto, BR",
									"region": "Latin America & the Caribbean"
								},
								{
									"cityName": "Goiânia, BR",
									"region": "Latin America & the Caribbean"
								},
								{
									"cityName": "Almaty, KZ",
									"region": "Asia"
								},
								{
									"cityName": "Patna, IN",
									"region": "Asia"
								},
								{
									"cityName": "Manaus, BR",
									"region": "Latin America & the Caribbean"
								},
								{
									"cityName": "Minsk, BY",
									"region": "Europe"
								},
								{
									"cityName": "Khabarovsk, RU",
									"region": "Europe"
								},
								{
									"cityName": "Juazeiro do Norte, BR",
									"region": "Latin America & the Caribbean"
								},
								{
									"cityName": "Erbil, IQ",
									"region": "Middle East"
								},
								{
									"cityName": "Uberlândia, BR",
									"region": "Latin America & the Caribbean"
								},
								{
									"cityName": "Haifa, IL",
									"region": "Middle East"
								},
								{
									"cityName": "Tashkent, UZ",
									"region": "Asia"
								},
								{
									"cityName": "Joinville, BR",
									"region": "Latin America & the Caribbean"
								},
								{
									"cityName": "Accra, GH*",
									"region": "Africa"
								},
								{
									"cityName": "Chiang Mai, TH*",
									"region": "Asia"
								},
								{
									"cityName": "Naha, JP*",
									"region": "Asia"
								},
								{
									"cityName": "Fukuoka, JP*",
									"region": "Asia"
								},
								{
									"cityName": "Bhubaneshwar, IN",
									"region": "Asia"
								},
								{
									"cityName": "Kanpur, IN",
									"region": "Asia"
								},
								{
									"cityName": "Ahmedabad, IN",
									"region": "Asia"
								},
								{
									"cityName": "Tunis, TN",
									"region": "Africa"
								},
								{
									"cityName": "Mandalay, MM",
									"region": "Asia"
								},
								{
									"cityName": "Jeddah, SA",
									"region": "Middle East"
								},
								{
									"cityName": "Yogyakarta, ID",
									"region": "Asia"
								},
								{
									"cityName": "Chandigarh, IN",
									"region": "Asia"
								},
								{
									"cityName": "Nasiriyah, IQ",
									"region": "Asia"
								},
								{
									"cityName": "Astara, AZ",
									"region": "Asia"
								},
								{
									"cityName": "Basra, IQ",
									"region": "Middle East"
								},
								{
									"cityName": "Najaf, IQ",
									"region": "Middle East"
								},
								{
									"cityName": "Georgetown, GY",
									"region": "Latin America & the Caribbean"
								},
								{
									"cityName": "Cuiabá, BR",
									"region": "Latin America & the Caribbean"
								},
								{
									"cityName": "Gaborone, BW",
									"region": "Africa"
								},
								{
									"cityName": "Santo Domingo, DO*",
									"region": "Latin America & the Caribbean"
								},
								{
									"cityName": "Cleveland, US*",
									"region": "North America"
								},
								{
									"cityName": "Raleigh, US*",
									"region": "North America"
								},
								{
									"cityName": "San Antonio, US*",
									"region": "North America"
								},
								{
									"cityName": "Albuquerque, US*",
									"region": "North America"
								},
								{
									"cityName": "Lyon, FR*",
									"region": "Europe"
								},
								{
									"cityName": "Bratislava, SK*",
									"region": "Europe"
								},
								{
									"cityName": "Santiago, CL*",
									"region": "Latin America & the Caribbean"
								},
								{
									"cityName": "Bordeaux, FR*",
									"region": "Europe"
								},
								{
									"cityName": "Perth, AU*",
									"region": "Oceania"
								},
								{
									"cityName": "Christchurch, NZ*",
									"region": "Oceania"
								},
								{
									"cityName": "Budapest, HU*",
									"region": "Europe"
								},
								{
									"cityName": "Palermo, IT*",
									"region": "Europe"
								},
								{
									"cityName": "Rome, IT*",
									"region": "Europe"
								},
								{
									"cityName": "Canberra, AU*",
									"region": "Oceania"
								},
								{
									"cityName": "Hobart, AU*",
									"region": "Oceania"
								},
								{
									"cityName": "La Paz, BO*",
									"region": "Latin America & the Caribbean"
								},
								{
									"cityName": "Austin, US*",
									"region": "North America"
								},
								{
									"cityName": "Oklahoma City, US*",
									"region": "North America"
								},
								{
									"cityName": "San Francisco, US*",
									"region": "North America"
								},
								{
									"cityName": "Anchorage, US",
									"region": "North America"
								},
								{
									"cityName": "Bangor, US",
									"region": "North America"
								},
								{
									"cityName": "Guadalajara, MX",
									"region": "Latin America & the Caribbean"
								},
								{
									"cityName": "Halifax, CA",
									"region": "North America"
								},
								{
									"cityName": "Sioux Falls, US",
									"region": "North America"
								},
								{
									"cityName": "Bridgetown, BB",
									"region": "Latin America & the Caribbean"
								},
								{
									"cityName": "Campos dos Goytacazes, BR",
									"region": "Latin America & the Caribbean"
								},
								{
									"cityName": "Chapeco, BR",
									"region": "Latin America & the Caribbean"
								},
								{
									"cityName": "Concepción, CL",
									"region": "Latin America & the Caribbean"
								},
								{
									"cityName": "Kingston, JM",
									"region": "Latin America & the Caribbean"
								},
								{
									"cityName": "Recife, BR",
									"region": "Latin America & the Caribbean"
								},
								{
									"cityName": "Santiago de los Caballeros, DO",
									"region": "Latin America & the Caribbean"
								},
								{
									"cityName": "São José dos Campos, BR",
									"region": "Latin America & the Caribbean"
								},
								{
									"cityName": "Timbo, BR",
									"region": "Latin America & the Caribbean"
								},
								{
									"cityName": "Vitoria, BR",
									"region": "Latin America & the Caribbean"
								},
								{
									"cityName": "Annaba, DZ*",
									"region": "Africa"
								},
								{
									"cityName": "Cairo, EG",
									"region": "Africa"
								},
								{
									"cityName": "Kinshasa, CD",
									"region": "Africa"
								},
								{
									"cityName": "Oran, DZ",
									"region": "Africa"
								},
								{
									"cityName": "Ouagadougou, BF",
									"region": "Africa"
								},
								{
									"cityName": "Izmir, TR",
									"region": "Europe"
								},
								{
									"cityName": "Stuttgart, DE",
									"region": "Europe"
								},
								{
									"cityName": "Tirana, AL",
									"region": "Europe"
								},
								{
									"cityName": "Sulaymaniyah, IQ",
									"region": "Middle East"
								},
								{
									"cityName": "Denpasar, ID*",
									"region": "Asia"
								},
								{
									"cityName": "Kannur, IN",
									"region": "Asia"
								},
								{
									"cityName": "Kaohsiung City, TW",
									"region": "Asia"
								},
								{
									"cityName": "Kochi, IN",
									"region": "Asia"
								},
								{
									"cityName": "Suva, FJ",
									"region": "Oceania"
								},
								{
									"cityName": "Tahiti, PF",
									"region": "Oceania"
								},
								{
									"cityName": "Beihai, CN",
									"region": "Mainland China"
								},
								{
									"cityName": "Changsha, CN",
									"region": "Mainland China"
								},
								{
									"cityName": "Chongqing, CN",
									"region": "Mainland China"
								},
								{
									"cityName": "Hengshui, CN",
									"region": "Mainland China"
								},
								{
									"cityName": "Kunming, CN",
									"region": "Mainland China"
								},
								{
									"cityName": "Shaoxing, CN",
									"region": "Mainland China"
								},
								{
									"cityName": "Shenzhen, CN",
									"region": "Mainland China"
								},
								{
									"cityName": "Wuhu, CN",
									"region": "Mainland China"
								},
								{
									"cityName": "Yangquan, CN",
									"region": "Mainland China"
								},
								{
									"cityName": "Zhongshan, CN",
									"region": "Mainland China"
								},
								{
									"cityName": "Zibo, CN",
									"region": "Mainland China"
								},
								{
									"cityName": "Abidjan, CI",
									"region": "Africa"
								},
								{
									"cityName": "Aracatuba, BR",
									"region": "Latin America & the Caribbean"
								},
								{
									"cityName": "Barranquilla, CO",
									"region": "Latin America & the Caribbean"
								},
								{
									"cityName": "Da Nang, VN",
									"region": "Asia"
								},
								{
									"cityName": "Palmas, BR",
									"region": "Latin America & the Caribbean"
								},
								{
									"cityName": "San Juan, PR",
									"region": "Latin America & the Caribbean"
								},
								{
									"cityName": "Skopje, MK",
									"region": "Europe"
								},
								{
									"cityName": "Tarlac City, PH",
									"region": "Asia"
								},
								{
									"cityName": "Tver, RU",
									"region": "Europe"
								},
								{
									"cityName": "Yamoussoukro, CI",
									"region": "Africa"
								}
							]
						}
					},
					{
						"contentTypeId": "bladeCollapsibleList",
						"contentfulId": "7xKHADXpPjxVXF67emYWM2",
						"header": "Data Center Locations",
						"learnMoreText": "View Cloudflare's system status",
						"learnMoreUrl": "https://www.cloudflarestatus.com/",
						"backgroundColor": "white",
						"bladeBorder": "none",
						"textColor": "black",
						"sectionPadding": "tile--no-bottom-padding",
						"numberOfColumns": "3",
						"dataSource": {
							"type": "Cloudflare PoP",
							"items": [
								{
									"cityName": "Honolulu, US*",
									"region": "North America"
								},
								{
									"cityName": "Bogota, CO",
									"region": "Latin America & the Caribbean"
								},
								{
									"cityName": "Auckland, NZ*",
									"region": "Oceania"
								},
								{
									"cityName": "Amman, JO*",
									"region": "Middle East"
								},
								{
									"cityName": "Amsterdam, NL*",
									"region": "Europe"
								},
								{
									"cityName": "Dar Es Salaam, TZ",
									"region": "Africa"
								},
								{
									"cityName": "Bangkok, TH*",
									"region": "Asia"
								},
								{
									"cityName": "Jinan, CN",
									"region": "Mainland China"
								},
								{
									"cityName": "San José, CR*",
									"region": "Latin America & the Caribbean"
								},
								{
									"cityName": "Salvador, BR",
									"region": "Latin America & the Caribbean"
								},
								{
									"cityName": "Campinas, BR",
									"region": "Latin America & the Caribbean"
								},
								{
									"cityName": "Nairobi, KE*",
									"region": "Africa"
								},
								{
									"cityName": "Jashore, BD",
									"region": "Asia"
								},
								{
									"cityName": "Yangon, MM",
									"region": "Asia"
								},
								{
									"cityName": "Tbilisi, GE",
									"region": "Asia"
								},
								{
									"cityName": "Johor Bahru, MY",
									"region": "Asia"
								},
								{
									"cityName": "Tegucigalpa, HN",
									"region": "Latin America & the Caribbean"
								},
								{
									"cityName": "Vientiane, LA",
									"region": "Asia"
								},
								{
									"cityName": "Paramaribo, SR",
									"region": "Latin America & the Caribbean"
								},
								{
									"cityName": "Bandar Seri Begawan, BN",
									"region": "Asia"
								},
								{
									"cityName": "Dhaka, BD",
									"region": "Asia"
								},
								{
									"cityName": "Adelaide, AU*",
									"region": "Oceania"
								},
								{
									"cityName": "St. George's, GD*",
									"region": "Latin America & the Caribbean"
								},
								{
									"cityName": "Thimphu, BT",
									"region": "Asia"
								},
								{
									"cityName": "Chittagong, BD",
									"region": "Asia"
								},
								{
									"cityName": "Antananarivo, MG",
									"region": "Africa"
								},
								{
									"cityName": "Dakar, SN",
									"region": "Africa"
								},
								{
									"cityName": "Cordoba, AR",
									"region": "Latin America & the Caribbean"
								},
								{
									"cityName": "Arica, CL*",
									"region": "Latin America & the Caribbean"
								},
								{
									"cityName": "Neuquen, AR",
									"region": "Latin America & the Caribbean"
								},
								{
									"cityName": "Jakarta, ID*",
									"region": "Asia"
								},
								{
									"cityName": "Male, MV",
									"region": "Asia"
								},
								{
									"cityName": "Kolkata, IN",
									"region": "Asia"
								},
								{
									"cityName": "Cork, IE*",
									"region": "Europe"
								},
								{
									"cityName": "Nagpur, IN",
									"region": "Asia"
								},
								{
									"cityName": "Bengaluru, IN*",
									"region": "Asia"
								},
								{
									"cityName": "Guatemala City, GT",
									"region": "Latin America & the Caribbean"
								},
								{
									"cityName": "Nouméa, NC",
									"region": "Oceania"
								},
								{
									"cityName": "Asuncion, PY",
									"region": "Latin America & the Caribbean"
								},
								{
									"cityName": "Kigali, RW",
									"region": "Africa"
								},
								{
									"cityName": "Maputo, MZ",
									"region": "Africa"
								},
								{
									"cityName": "Thessaloniki, GR*",
									"region": "Europe"
								},
								{
									"cityName": "Nicosia, CY",
									"region": "Europe"
								},
								{
									"cityName": "Gothenburg, SE*",
									"region": "Europe"
								},
								{
									"cityName": "Buffalo, US*",
									"region": "North America"
								},
								{
									"cityName": "Baku, AZ",
									"region": "Asia"
								},
								{
									"cityName": "Geneva, CH*",
									"region": "Europe"
								},
								{
									"cityName": "Hyderabad, IN*",
									"region": "Asia"
								},
								{
									"cityName": "Casablanca, MA",
									"region": "Africa"
								},
								{
									"cityName": "Ramallah",
									"region": "Middle East"
								},
								{
									"cityName": "Queretaro, MX*",
									"region": "Latin America & the Caribbean"
								},
								{
									"cityName": "Ottawa, CA*",
									"region": "North America"
								},
								{
									"cityName": "Porto Alegre, BR*",
									"region": "Latin America & the Caribbean"
								},
								{
									"cityName": "Curitiba, BR*",
									"region": "Latin America & the Caribbean"
								},
								{
									"cityName": "Saint-Denis, RE",
									"region": "Africa"
								},
								{
									"cityName": "Fortaleza, BR*",
									"region": "Latin America & the Caribbean"
								},
								{
									"cityName": "Valparaíso, CL",
									"region": "Latin America & the Caribbean"
								},
								{
									"cityName": "Medellín, CO",
									"region": "Latin America & the Caribbean"
								},
								{
									"cityName": "Lima, PE*",
									"region": "Latin America & the Caribbean"
								},
								{
									"cityName": "Buenos Aires, AR*",
									"region": "Latin America & the Caribbean"
								},
								{
									"cityName": "Quito, EC*",
									"region": "Latin America & the Caribbean"
								},
								{
									"cityName": "Panama City, PA",
									"region": "Latin America & the Caribbean"
								},
								{
									"cityName": "São Paulo, BR*",
									"region": "Latin America & the Caribbean"
								},
								{
									"cityName": "Rio de Janeiro, BR*",
									"region": "Latin America & the Caribbean"
								},
								{
									"cityName": "Willemstad, CW",
									"region": "Latin America & the Caribbean"
								},
								{
									"cityName": "Lahore, PK",
									"region": "Asia"
								},
								{
									"cityName": "Karachi, PK*",
									"region": "Asia"
								},
								{
									"cityName": "Islamabad, PK",
									"region": "Asia"
								},
								{
									"cityName": "Ho Chi Minh City, VN*",
									"region": "Asia"
								},
								{
									"cityName": "Hanoi, VN*",
									"region": "Asia"
								},
								{
									"cityName": "St. Petersburg, RU",
									"region": "Europe"
								},
								{
									"cityName": "Manama, BH",
									"region": "Middle East"
								},
								{
									"cityName": "Columbus, US*",
									"region": "North America"
								},
								{
									"cityName": "Charlotte, US*",
									"region": "North America"
								},
								{
									"cityName": "Lagos, NG*",
									"region": "Africa"
								},
								{
									"cityName": "Ulaanbaatar, MN",
									"region": "Asia"
								},
								{
									"cityName": "Richmond, US*",
									"region": "North America"
								},
								{
									"cityName": "Norfolk, US*",
									"region": "North America"
								},
								{
									"cityName": "Luxembourg City, LU*",
									"region": "Europe"
								},
								{
									"cityName": "Winnipeg, CA*",
									"region": "North America"
								},
								{
									"cityName": "Saskatoon, CA*",
									"region": "North America"
								},
								{
									"cityName": "Houston, US*",
									"region": "North America"
								},
								{
									"cityName": "Tallahassee, US*",
									"region": "North America"
								},
								{
									"cityName": "Mexico City, MX*",
									"region": "Latin America & the Caribbean"
								},
								{
									"cityName": "Montgomery, US*",
									"region": "North America"
								},
								{
									"cityName": "Memphis, US*",
									"region": "North America"
								},
								{
									"cityName": "Jacksonville, US*",
									"region": "North America"
								},
								{
									"cityName": "Indianapolis, US*",
									"region": "North America"
								},
								{
									"cityName": "Calgary, CA*",
									"region": "North America"
								},
								{
									"cityName": "Tallinn, EE*",
									"region": "Europe"
								},
								{
									"cityName": "Riga, LV*",
									"region": "Europe"
								},
								{
									"cityName": "Beirut, LB",
									"region": "Middle East"
								},
								{
									"cityName": "Tel Aviv, IL*",
									"region": "Middle East"
								},
								{
									"cityName": "Vilnius, LT*",
									"region": "Europe"
								},
								{
									"cityName": "Baghdad, IQ*",
									"region": "Middle East"
								},
								{
									"cityName": "Reykjavík, IS*",
									"region": "Europe"
								},
								{
									"cityName": "Phnom Penh, KH",
									"region": "Asia"
								},
								{
									"cityName": "Salt Lake City, US*",
									"region": "North America"
								},
								{
									"cityName": "Kathmandu, NP*",
									"region": "Asia"
								},
								{
									"cityName": "Cebu, PH",
									"region": "Asia"
								},
								{
									"cityName": "Macau",
									"region": "Asia"
								},
								{
									"cityName": "Port Louis, MU",
									"region": "Africa"
								},
								{
									"cityName": "Sacramento, US*",
									"region": "North America"
								},
								{
									"cityName": "Pittsburgh, US*",
									"region": "North America"
								},
								{
									"cityName": "Durban, ZA*",
									"region": "Africa"
								},
								{
									"cityName": "McAllen, US*",
									"region": "North America"
								},
								{
									"cityName": "Kyiv, UA",
									"region": "Europe"
								},
								{
									"cityName": "Riyadh, SA",
									"region": "Middle East"
								},
								{
									"cityName": "Stockholm, SE*",
									"region": "Europe"
								},
								{
									"cityName": "Kansas City, US*",
									"region": "North America"
								},
								{
									"cityName": "Zagreb, HR*",
									"region": "Europe"
								},
								{
									"cityName": "Djibouti, DJ",
									"region": "Africa"
								},
								{
									"cityName": "Omaha, US*",
									"region": "North America"
								},
								{
									"cityName": "Belgrade, RS*",
									"region": "Europe"
								},
								{
									"cityName": "Portland, US*",
									"region": "North America"
								},
								{
									"cityName": "Istanbul, TR*",
									"region": "Europe"
								},
								{
									"cityName": "Yerevan, AM",
									"region": "Asia"
								},
								{
									"cityName": "Detroit, US*",
									"region": "North America"
								},
								{
									"cityName": "Nashville, US*",
									"region": "North America"
								},
								{
									"cityName": "Vienna, AT*",
									"region": "Europe"
								},
								{
									"cityName": "Cape Town, ZA*",
									"region": "Africa"
								},
								{
									"cityName": "Colombo, LK*",
									"region": "Asia"
								},
								{
									"cityName": "San Diego, US*",
									"region": "North America"
								},
								{
									"cityName": "Lisbon, PT*",
									"region": "Europe"
								},
								{
									"cityName": "Boston, US*",
									"region": "North America"
								},
								{
									"cityName": "Tampa, US*",
									"region": "North America"
								},
								{
									"cityName": "Philadelphia, US*",
									"region": "North America"
								},
								{
									"cityName": "Munich, DE*",
									"region": "Europe"
								},
								{
									"cityName": "Denver, US*",
									"region": "North America"
								},
								{
									"cityName": "Moscow, RU",
									"region": "Europe"
								},
								{
									"cityName": "Luanda, AO",
									"region": "Africa"
								},
								{
									"cityName": "St. Louis, US*",
									"region": "North America"
								},
								{
									"cityName": "Barcelona, ES*",
									"region": "Europe"
								},
								{
									"cityName": "Athens, GR*",
									"region": "Europe"
								},
								{
									"cityName": "Brisbane, AU*",
									"region": "Oceania"
								},
								{
									"cityName": "Oslo, NO*",
									"region": "Europe"
								},
								{
									"cityName": "Las Vegas, US*",
									"region": "North America"
								},
								{
									"cityName": "Taipei*",
									"region": "Asia"
								},
								{
									"cityName": "Helsinki, FI*",
									"region": "Europe"
								},
								{
									"cityName": "Brussels, BE*",
									"region": "Europe"
								},
								{
									"cityName": "Edinburgh, GB*",
									"region": "Europe"
								},
								{
									"cityName": "Hamburg, DE*",
									"region": "Europe"
								},
								{
									"cityName": "Sofia, BG*",
									"region": "Europe"
								},
								{
									"cityName": "Warsaw, PL*",
									"region": "Europe"
								},
								{
									"cityName": "Minneapolis, US*",
									"region": "North America"
								},
								{
									"cityName": "Frankfurt, DE*",
									"region": "Europe"
								},
								{
									"cityName": "Montréal, CA*",
									"region": "North America"
								},
								{
									"cityName": "Vancouver, CA*",
									"region": "North America"
								},
								{
									"cityName": "Manila, PH",
									"region": "Asia"
								},
								{
									"cityName": "Berlin, DE*",
									"region": "Europe"
								},
								{
									"cityName": "Phoenix, US*",
									"region": "North America"
								},
								{
									"cityName": "Copenhagen, DK*",
									"region": "Europe"
								},
								{
									"cityName": "Zürich, CH*",
									"region": "Europe"
								},
								{
									"cityName": "Manchester, GB*",
									"region": "Europe"
								},
								{
									"cityName": "Mombasa, KE",
									"region": "Africa"
								},
								{
									"cityName": "Dubai, AE",
									"region": "Middle East"
								},
								{
									"cityName": "Chennai, IN*",
									"region": "Asia"
								},
								{
									"cityName": "New Delhi, IN*",
									"region": "Asia"
								},
								{
									"cityName": "Mumbai, IN*",
									"region": "Asia"
								},
								{
									"cityName": "Kuala Lumpur, MY*",
									"region": "Asia"
								},
								{
									"cityName": "Muscat, OM",
									"region": "Middle East"
								},
								{
									"cityName": "Doha, QA",
									"region": "Middle East"
								},
								{
									"cityName": "Kuwait City, KW",
									"region": "Middle East"
								},
								{
									"cityName": "Dublin, IE*",
									"region": "Europe"
								},
								{
									"cityName": "Osaka, JP*",
									"region": "Asia"
								},
								{
									"cityName": "Bucharest, RO*",
									"region": "Europe"
								},
								{
									"cityName": "Marseille, FR*",
									"region": "Europe"
								},
								{
									"cityName": "Düsseldorf, DE*",
									"region": "Europe"
								},
								{
									"cityName": "Melbourne, AU*",
									"region": "Oceania"
								},
								{
									"cityName": "Johannesburg, ZA*",
									"region": "Africa"
								},
								{
									"cityName": "Madrid, ES*",
									"region": "Europe"
								},
								{
									"cityName": "Milan, IT*",
									"region": "Europe"
								},
								{
									"cityName": "Singapore, SG*",
									"region": "Asia"
								},
								{
									"cityName": "Seoul, KR*",
									"region": "Asia"
								},
								{
									"cityName": "Prague, CZ*",
									"region": "Europe"
								},
								{
									"cityName": "Toronto, CA*",
									"region": "North America"
								},
								{
									"cityName": "Seattle, US*",
									"region": "North America"
								},
								{
									"cityName": "Atlanta, US*",
									"region": "North America"
								},
								{
									"cityName": "Sydney, AU*",
									"region": "Oceania"
								},
								{
									"cityName": "Hong Kong*",
									"region": "Asia"
								},
								{
									"cityName": "Tokyo, JP*",
									"region": "Asia"
								},
								{
									"cityName": "London, GB*",
									"region": "Europe"
								},
								{
									"cityName": "Paris, FR*",
									"region": "Europe"
								},
								{
									"cityName": "Miami, US*",
									"region": "North America"
								},
								{
									"cityName": "Ashburn, US*",
									"region": "North America"
								},
								{
									"cityName": "Dallas, US*",
									"region": "North America"
								},
								{
									"cityName": "Chicago, US*",
									"region": "North America"
								},
								{
									"cityName": "Los Angeles, US*",
									"region": "North America"
								},
								{
									"cityName": "Newark, US*",
									"region": "North America"
								},
								{
									"cityName": "Algiers, DZ*",
									"region": "Africa"
								},
								{
									"cityName": "Surat Thani, TH*",
									"region": "Asia"
								},
								{
									"cityName": "Guam, GU",
									"region": "Oceania"
								},
								{
									"cityName": "Dammam, SA",
									"region": "Middle East"
								},
								{
									"cityName": "Beijing, CN",
									"region": "Mainland China"
								},
								{
									"cityName": "Changde, CN",
									"region": "Mainland China"
								},
								{
									"cityName": "Changzhou, CN",
									"region": "Mainland China"
								},
								{
									"cityName": "Chengmai, CN",
									"region": "Mainland China"
								},
								{
									"cityName": "Dalian, CN",
									"region": "Mainland China"
								},
								{
									"cityName": "Foshan, CN",
									"region": "Mainland China"
								},
								{
									"cityName": "Fuzhou, CN",
									"region": "Mainland China"
								},
								{
									"cityName": "Guangzhou, CN",
									"region": "Mainland China"
								},
								{
									"cityName": "Guiyang, CN",
									"region": "Mainland China"
								},
								{
									"cityName": "Haikou, CN",
									"region": "Mainland China"
								},
								{
									"cityName": "Huainan, CN",
									"region": "Mainland China"
								},
								{
									"cityName": "Langfang, CN",
									"region": "Mainland China"
								},
								{
									"cityName": "Lanzhou, CN",
									"region": "Mainland China"
								},
								{
									"cityName": "Nanchang, CN",
									"region": "Mainland China"
								},
								{
									"cityName": "Qingdao, CN",
									"region": "Mainland China"
								},
								{
									"cityName": "Shanghai, CN",
									"region": "Mainland China"
								},
								{
									"cityName": "Taizhou, CN",
									"region": "Mainland China"
								},
								{
									"cityName": "Xianyang, CN",
									"region": "Mainland China"
								},
								{
									"cityName": "Zhengzhou, CN",
									"region": "Mainland China"
								},
								{
									"cityName": "San Jose, US*",
									"region": "North America"
								},
								{
									"cityName": "Cagayan, PH",
									"region": "Asia"
								},
								{
									"cityName": "Ekaterinburg, RU",
									"region": "Europe"
								},
								{
									"cityName": "Guayaquil, EC*",
									"region": "Latin America & the Caribbean"
								},
								{
									"cityName": "Caçador, BR*",
									"region": "Latin America & the Caribbean"
								},
								{
									"cityName": "Ribeirão Preto, BR",
									"region": "Latin America & the Caribbean"
								},
								{
									"cityName": "Brasília, BR",
									"region": "Latin America & the Caribbean"
								},
								{
									"cityName": "Florianópolis, BR",
									"region": "Latin America & the Caribbean"
								},
								{
									"cityName": "Sorocaba, BR",
									"region": "Latin America & the Caribbean"
								},
								{
									"cityName": "Itajaí, BR",
									"region": "Latin America & the Caribbean"
								},
								{
									"cityName": "Belém, BR",
									"region": "Latin America & the Caribbean"
								},
								{
									"cityName": "Americana, BR",
									"region": "Latin America & the Caribbean"
								},
								{
									"cityName": "Blumenau, BR",
									"region": "Latin America & the Caribbean"
								},
								{
									"cityName": "Belo Horizonte, BR",
									"region": "Latin America & the Caribbean"
								},
								{
									"cityName": "Harare, ZW",
									"region": "Africa"
								},
								{
									"cityName": "Krasnoyarsk, RU",
									"region": "Europe"
								},
								{
									"cityName": "São José do Rio Preto, BR",
									"region": "Latin America & the Caribbean"
								},
								{
									"cityName": "Goiânia, BR",
									"region": "Latin America & the Caribbean"
								},
								{
									"cityName": "Almaty, KZ",
									"region": "Asia"
								},
								{
									"cityName": "Patna, IN",
									"region": "Asia"
								},
								{
									"cityName": "Manaus, BR",
									"region": "Latin America & the Caribbean"
								},
								{
									"cityName": "Minsk, BY",
									"region": "Europe"
								},
								{
									"cityName": "Khabarovsk, RU",
									"region": "Europe"
								},
								{
									"cityName": "Juazeiro do Norte, BR",
									"region": "Latin America & the Caribbean"
								},
								{
									"cityName": "Erbil, IQ",
									"region": "Middle East"
								},
								{
									"cityName": "Uberlândia, BR",
									"region": "Latin America & the Caribbean"
								},
								{
									"cityName": "Haifa, IL",
									"region": "Middle East"
								},
								{
									"cityName": "Tashkent, UZ",
									"region": "Asia"
								},
								{
									"cityName": "Joinville, BR",
									"region": "Latin America & the Caribbean"
								},
								{
									"cityName": "Accra, GH*",
									"region": "Africa"
								},
								{
									"cityName": "Chiang Mai, TH*",
									"region": "Asia"
								},
								{
									"cityName": "Naha, JP*",
									"region": "Asia"
								},
								{
									"cityName": "Fukuoka, JP*",
									"region": "Asia"
								},
								{
									"cityName": "Bhubaneshwar, IN",
									"region": "Asia"
								},
								{
									"cityName": "Kanpur, IN",
									"region": "Asia"
								},
								{
									"cityName": "Ahmedabad, IN",
									"region": "Asia"
								},
								{
									"cityName": "Tunis, TN",
									"region": "Africa"
								},
								{
									"cityName": "Mandalay, MM",
									"region": "Asia"
								},
								{
									"cityName": "Jeddah, SA",
									"region": "Middle East"
								},
								{
									"cityName": "Yogyakarta, ID",
									"region": "Asia"
								},
								{
									"cityName": "Chandigarh, IN",
									"region": "Asia"
								},
								{
									"cityName": "Nasiriyah, IQ",
									"region": "Asia"
								},
								{
									"cityName": "Astara, AZ",
									"region": "Asia"
								},
								{
									"cityName": "Basra, IQ",
									"region": "Middle East"
								},
								{
									"cityName": "Najaf, IQ",
									"region": "Middle East"
								},
								{
									"cityName": "Georgetown, GY",
									"region": "Latin America & the Caribbean"
								},
								{
									"cityName": "Cuiabá, BR",
									"region": "Latin America & the Caribbean"
								},
								{
									"cityName": "Gaborone, BW",
									"region": "Africa"
								},
								{
									"cityName": "Santo Domingo, DO*",
									"region": "Latin America & the Caribbean"
								},
								{
									"cityName": "Cleveland, US*",
									"region": "North America"
								},
								{
									"cityName": "Raleigh, US*",
									"region": "North America"
								},
								{
									"cityName": "San Antonio, US*",
									"region": "North America"
								},
								{
									"cityName": "Albuquerque, US*",
									"region": "North America"
								},
								{
									"cityName": "Lyon, FR*",
									"region": "Europe"
								},
								{
									"cityName": "Bratislava, SK*",
									"region": "Europe"
								},
								{
									"cityName": "Santiago, CL*",
									"region": "Latin America & the Caribbean"
								},
								{
									"cityName": "Bordeaux, FR*",
									"region": "Europe"
								},
								{
									"cityName": "Perth, AU*",
									"region": "Oceania"
								},
								{
									"cityName": "Christchurch, NZ*",
									"region": "Oceania"
								},
								{
									"cityName": "Budapest, HU*",
									"region": "Europe"
								},
								{
									"cityName": "Palermo, IT*",
									"region": "Europe"
								},
								{
									"cityName": "Rome, IT*",
									"region": "Europe"
								},
								{
									"cityName": "Canberra, AU*",
									"region": "Oceania"
								},
								{
									"cityName": "Hobart, AU*",
									"region": "Oceania"
								},
								{
									"cityName": "La Paz, BO*",
									"region": "Latin America & the Caribbean"
								},
								{
									"cityName": "Austin, US*",
									"region": "North America"
								},
								{
									"cityName": "Oklahoma City, US*",
									"region": "North America"
								},
								{
									"cityName": "San Francisco, US*",
									"region": "North America"
								},
								{
									"cityName": "Anchorage, US",
									"region": "North America"
								},
								{
									"cityName": "Bangor, US",
									"region": "North America"
								},
								{
									"cityName": "Guadalajara, MX",
									"region": "Latin America & the Caribbean"
								},
								{
									"cityName": "Halifax, CA",
									"region": "North America"
								},
								{
									"cityName": "Sioux Falls, US",
									"region": "North America"
								},
								{
									"cityName": "Bridgetown, BB",
									"region": "Latin America & the Caribbean"
								},
								{
									"cityName": "Campos dos Goytacazes, BR",
									"region": "Latin America & the Caribbean"
								},
								{
									"cityName": "Chapeco, BR",
									"region": "Latin America & the Caribbean"
								},
								{
									"cityName": "Concepción, CL",
									"region": "Latin America & the Caribbean"
								},
								{
									"cityName": "Kingston, JM",
									"region": "Latin America & the Caribbean"
								},
								{
									"cityName": "Recife, BR",
									"region": "Latin America & the Caribbean"
								},
								{
									"cityName": "Santiago de los Caballeros, DO",
									"region": "Latin America & the Caribbean"
								},
								{
									"cityName": "São José dos Campos, BR",
									"region": "Latin America & the Caribbean"
								},
								{
									"cityName": "Timbo, BR",
									"region": "Latin America & the Caribbean"
								},
								{
									"cityName": "Vitoria, BR",
									"region": "Latin America & the Caribbean"
								},
								{
									"cityName": "Annaba, DZ*",
									"region": "Africa"
								},
								{
									"cityName": "Cairo, EG",
									"region": "Africa"
								},
								{
									"cityName": "Kinshasa, CD",
									"region": "Africa"
								},
								{
									"cityName": "Oran, DZ",
									"region": "Africa"
								},
								{
									"cityName": "Ouagadougou, BF",
									"region": "Africa"
								},
								{
									"cityName": "Izmir, TR",
									"region": "Europe"
								},
								{
									"cityName": "Stuttgart, DE",
									"region": "Europe"
								},
								{
									"cityName": "Tirana, AL",
									"region": "Europe"
								},
								{
									"cityName": "Sulaymaniyah, IQ",
									"region": "Middle East"
								},
								{
									"cityName": "Denpasar, ID*",
									"region": "Asia"
								},
								{
									"cityName": "Kannur, IN",
									"region": "Asia"
								},
								{
									"cityName": "Kaohsiung City, TW",
									"region": "Asia"
								},
								{
									"cityName": "Kochi, IN",
									"region": "Asia"
								},
								{
									"cityName": "Suva, FJ",
									"region": "Oceania"
								},
								{
									"cityName": "Tahiti, PF",
									"region": "Oceania"
								},
								{
									"cityName": "Beihai, CN",
									"region": "Mainland China"
								},
								{
									"cityName": "Changsha, CN",
									"region": "Mainland China"
								},
								{
									"cityName": "Chongqing, CN",
									"region": "Mainland China"
								},
								{
									"cityName": "Hengshui, CN",
									"region": "Mainland China"
								},
								{
									"cityName": "Kunming, CN",
									"region": "Mainland China"
								},
								{
									"cityName": "Shaoxing, CN",
									"region": "Mainland China"
								},
								{
									"cityName": "Shenzhen, CN",
									"region": "Mainland China"
								},
								{
									"cityName": "Wuhu, CN",
									"region": "Mainland China"
								},
								{
									"cityName": "Yangquan, CN",
									"region": "Mainland China"
								},
								{
									"cityName": "Zhongshan, CN",
									"region": "Mainland China"
								},
								{
									"cityName": "Zibo, CN",
									"region": "Mainland China"
								},
								{
									"cityName": "Abidjan, CI",
									"region": "Africa"
								},
								{
									"cityName": "Aracatuba, BR",
									"region": "Latin America & the Caribbean"
								},
								{
									"cityName": "Barranquilla, CO",
									"region": "Latin America & the Caribbean"
								},
								{
									"cityName": "Da Nang, VN",
									"region": "Asia"
								},
								{
									"cityName": "Palmas, BR",
									"region": "Latin America & the Caribbean"
								},
								{
									"cityName": "San Juan, PR",
									"region": "Latin America & the Caribbean"
								},
								{
									"cityName": "Skopje, MK",
									"region": "Europe"
								},
								{
									"cityName": "Tarlac City, PH",
									"region": "Asia"
								},
								{
									"cityName": "Tver, RU",
									"region": "Europe"
								},
								{
									"cityName": "Yamoussoukro, CI",
									"region": "Africa"
								}
							]
						}
					},
					{
						"contentTypeId": "bladeQuote",
						"contentfulId": "4aZQSoC5jE4a5rvfLCVqb1",
						"quote": "\"The reason we use Cloudflare is because the security features are excellent, the CDN (Content Delivery Network) is high performing, and it's really convenient that these solutions are packaged together. It makes managing everything easy, and allows us to focus on our core business.\"",
						"quoteAuthor": "Peter Bakkum",
						"quoteTitle": "Platform Lead at Quizlet",
						"learnMoreText": null,
						"sectionPadding": null,
						"backgroundColor": "light-blue",
						"bladeBorder": "none",
						"learnMoreUrl": null,
						"htmlId": null,
						"image": {
							"file": {
								"publicURL": "https://cf-assets.www.cloudflare.com/slt3lc6tev37/2JYk9CCFuUqgU2ma8cawwC/58fe871a389904f1e9429cea51a8ccdb/quizlet.png"
							},
							"description": "Quizlet logo"
						},
						"imageAssetFile": null,
						"imageLinkUrl": null,
						"logoList": [],
						"logoListAssetFile": [],
						"quoteCarousel": []
					},
					{
						"contentfulId": "5lYTcZJ93c7l1jXYbFMzRY",
						"backgroundColor": "white",
						"contentTypeId": "bladeFourFeatures",
						"htmlId": null,
						"copy": null,
						"title": "Key Results",
						"subtitle": null,
						"bladeStyle": null,
						"bladeBorder": "none",
						"sectionPadding": null,
						"carouselSlidesToShow": null,
						"carouselSlidesToScroll": null,
						"locale": "en-US",
						"features": [
							{
								"contentTypeId": "feature",
								"contentfulId": "3NoC3OZYGcMjGnrkqV8q9X",
								"title": "Saved 50%",
								"makeTitleLink": null,
								"titleUrl": null,
								"titleSize": null,
								"description": "on their monthly Google Cloud Network Egress Bill",
								"learnMoreUrl": null,
								"learnMoreText": null,
								"displayBorder": false,
								"openLinkInNewTab": null,
								"removeCardBorder": null,
								"icon": null,
								"iconAssetFile": null,
								"imageOverlaySuperheader": null,
								"imageOverlayText": null,
								"imageAssetFile": null,
								"streamId": null,
								"streamThumbnail": null,
								"streamThumbnailAssetFile": null
							},
							{
								"contentTypeId": "feature",
								"contentfulId": "4hIzyhiLoYYLhyaKTgFriT",
								"title": "76% Reduction",
								"makeTitleLink": null,
								"titleUrl": null,
								"titleSize": null,
								"description": "(over 10 Tb) of daily bandwidth use",
								"learnMoreUrl": null,
								"learnMoreText": null,
								"displayBorder": false,
								"openLinkInNewTab": null,
								"removeCardBorder": null,
								"icon": null,
								"iconAssetFile": null,
								"imageOverlaySuperheader": null,
								"imageOverlayText": null,
								"imageAssetFile": null,
								"streamId": null,
								"streamThumbnail": null,
								"streamThumbnailAssetFile": null
							},
							{
								"contentTypeId": "feature",
								"contentfulId": "3qBZ28ZcAnv7iOL9OyVsTx",
								"title": "Reduced latency by up to 47%",
								"makeTitleLink": null,
								"titleUrl": null,
								"titleSize": null,
								"description": "with Argo Smart Routing",
								"learnMoreUrl": null,
								"learnMoreText": null,
								"displayBorder": false,
								"openLinkInNewTab": null,
								"removeCardBorder": null,
								"icon": null,
								"iconAssetFile": null,
								"imageOverlaySuperheader": null,
								"imageOverlayText": null,
								"imageAssetFile": null,
								"streamId": null,
								"streamThumbnail": null,
								"streamThumbnailAssetFile": null
							}
						]
					},
					{
						"contentfulId": "6sYKiP3756qOgc4qW8Qag2",
						"title": "DDoS Mitigation for Layers 3, 4, 7, and DNS",
						"copy": "Cloudflare's network capacity is %{NetworkCapacityLargestDDOS} bigger than the largest DDoS attack ever recorded. With %{NetworkCapacity} of capacity, it can handle any modern distributed attack, including those targeting layers 3, 4, and 7, as well as DNS infrastructure.\n\nCloudflare offers unmetered mitigation of distributed denial-of-service (DDoS) attacks for Google Cloud hosted web applications and APIs, regardless of the size of attack, with no additional costs, caps, or overages.",
						"toggleText": null,
						"button": [],
						"learnMoreUrl": "/ddos/",
						"learnMoreText": "Learn more about DDoS protection",
						"link": [],
						"subheadline": null,
						"button1Text": null,
						"button1Url": null,
						"button1Color": null,
						"button2Text": null,
						"button2Url": null,
						"button2Color": null,
						"streamOptions": null,
						"streamCaptions": null,
						"streamVideoId": null,
						"streamThumbnails": null,
						"streamPoster": null,
						"streamPosterAssetFile": null,
						"image": {
							"file": {
								"publicURL": "https://cf-assets.www.cloudflare.com/slt3lc6tev37/1FgR7zXWi88kSeGK2iWkK8/d3ce96ee6fc27d76428a0c2571c852d4/mitigate-ddos-attacks.svg"
							},
							"description": "DDoS Attacks"
						},
						"imageAssetFile": null,
						"featureList": [],
						"contentTypeId": "bladeImageText",
						"sectionTitle": null,
						"htmlId": null,
						"titleSize": null,
						"sectionPadding": null,
						"backgroundColor": "white",
						"bladeBorder": "border-bottom",
						"imagePosition": false,
						"imageSize": null,
						"imageTextAlignment": null,
						"togglesTo": []
					},
					{
						"contentfulId": "4tS30Qbw5iCY0mOsCCCsuW",
						"title": "Prevent Customer Data Breach",
						"copy": "Cloudflare prevents breaches of sensitive customer data on Google Cloud hosted Internet applications and APIs through a variety of security services, including SSL/TLS 1.3, DNSSEC, web application firewall (WAF), rate limiting, and IP reputation database.",
						"toggleText": null,
						"button": [],
						"learnMoreUrl": "/security/customer-data-breach/",
						"learnMoreText": "Learn more about data breach prevention",
						"link": [],
						"subheadline": null,
						"button1Text": null,
						"button1Url": null,
						"button1Color": null,
						"button2Text": null,
						"button2Url": null,
						"button2Color": null,
						"streamOptions": null,
						"streamCaptions": null,
						"streamVideoId": null,
						"streamThumbnails": null,
						"streamPoster": null,
						"streamPosterAssetFile": null,
						"image": {
							"file": {
								"publicURL": "https://cf-assets.www.cloudflare.com/slt3lc6tev37/2xdYKsSVe82uW6US0eIwUs/26f9917edd328cf4a6d3a7732d71d962/prevent-data-breach.svg"
							},
							"description": "Data Theft Attempt"
						},
						"imageAssetFile": null,
						"featureList": [],
						"contentTypeId": "bladeImageText",
						"sectionTitle": null,
						"htmlId": null,
						"titleSize": null,
						"sectionPadding": null,
						"backgroundColor": "white",
						"bladeBorder": "none",
						"imagePosition": true,
						"imageSize": null,
						"imageTextAlignment": null,
						"togglesTo": []
					},
					{
						"contentfulId": "3g11YRPbAQwK4GMWgewMe6",
						"contentTypeId": "bladeKeyFeatures",
						"backgroundColor": "light-blue",
						"title": "Key Features",
						"keyFeature": [
							"Unmetered <a href='/ddos/' class='link--bolder'>DDoS</a> mitigation",
							"DNS & <a href='/dns/dnssec/' class='link--bolder'>DNSSEC</a>",
							"<a href='/cdn/' class='link--bolder'>CDN</a> with flat-rate bandwidth pricing",
							"Local and global <a href='/application-services/products/load-balancing/' class='link--bolder'>Load Balancing</a>",
							"Web application firewall (<a href='/application-services/products/waf/' class='link--bolder'>WAF</a>)",
							"<a href='/ssl/' class='link--bolder'>SSL / TLS 1.3</a>",
							"<a href='/products/argo-smart-routing/' class='link--bolder'>Argo Smart Routing</a>",
							"<a href='/application-services/products/rate-limiting/' class='link--bolder'>Rate Limiting</a> with fine-tuned configurations",
							"<a href='/application-services/products/website-optimization/' class='link--bolder'>Latest web standards</a> (HTTP/2, AMP, Gzip, and TLS 1.3)",
							"Cloudflare <a href='https://blog.cloudflare.com/using-google-cloud-platform-to-analyze-cloudflare-logs/' class='link--bolder'>Logs analysis using Big Query and Data Studios</a>",
							"Multi-cloud strategy with <a href='/integrations/kubernetes/' class='link--bolder'>Kubernetes</a> and global load balancing",
							"Dedicated solutions engineer",
							"Customer success manager",
							"24/7/365 emergency phone, email, & chat support",
							"100% uptime guarantee"
						],
						"bladeBorder": "none",
						"sectionPadding": null,
						"titleColor": null,
						"variant": null,
						"description": null,
						"featuresTextStyle": null,
						"htmlId": null
					}
				],
				"noindex": false,
				"formModal": [],
				"keepHashUrlSyncedWithScrollPosition": null
			},
			"site": {
				"siteMetadata": {
					"baseURL": "https://www.cloudflare.com"
				}
			}
		},
		"pageContext": {
			"currentLocale": "en-US",
			"locale": "en-US",
			"pathname": "/integrations/google-cloud/",
			"contentfulId": "2tn9cEWIle4MSC2I8GyyWW",
			"allowedHrefLangs": [
				"en-US",
				"zh-CN",
				"zh-TW",
				"fr-FR",
				"de-DE",
				"it-IT",
				"ja-JP",
				"ko-KR",
				"pt-BR",
				"es-ES",
				"es-LA",
				"zh-Hans-CN"
			],
			"hasPsaBanner": false,
			"baseURL": "https://www.cloudflare.com"
		}
	}
}